,Home,Home Win Percent,Away,Away Win Percent,Home Odds,Away Odds,Adj Home Odds,Adj Away Odds
0,Columbus Blue Jackets,67.86,Detroit Red Wings,32.14,1.4736221632773356,3.111387678904791,1.3999410551134688,3.266957062850031
1,Dallas Stars,36.97,Minnesota Wild,63.03,2.704895861509332,1.5865460891638903,2.569651068433865,1.6658733936220849
2,New York Rangers,56.63,Buffalo Sabres,43.37,1.7658484901995408,2.3057412958266084,1.6775560656895636,2.421028360617939
3,Toronto Maple Leafs,74.48,Anaheim Ducks,25.52,1.342642320085929,3.918495297805643,1.2755102040816324,4.114420062695925
