,Home,Home Win Percent,Away,Away Win Percent,Home Odds,Away Odds,Adj Home Odds,Adj Away Odds
0,Columbus Blue Jackets,67.49,Detroit Red Wings,32.51,1.4817009927396652,3.0759766225776684,1.4076159431026818,3.229775453706552
1,Dallas Stars,36.7,Minnesota Wild,63.3,2.7247956403269753,1.5797788309636651,2.5885558583106265,1.6587677725118484
2,New York Rangers,56.79,Buffalo Sabres,43.21,1.760873393203029,2.314279102059708,1.6728297235428775,2.4299930571626938
3,Toronto Maple Leafs,74.45,Anaheim Ducks,25.55,1.3431833445265278,3.9138943248532287,1.2760241773002012,4.10958904109589
