,Home,Home Win Percent,Away,Away Win Percent,Home Odds,Away Odds,Adj Home Odds,Adj Away Odds
0,Columbus Blue Jackets,69.69,Detroit Red Wings,30.31,1.4349261013057828,3.2992411745298584,1.3631797962404937,3.4642032332563515
1,Dallas Stars,36.5,Minnesota Wild,63.5,2.73972602739726,1.574803149606299,2.602739726027397,1.6535433070866141
2,New York Rangers,57.0,Buffalo Sabres,43.0,1.7543859649122806,2.3255813953488373,1.6666666666666665,2.4418604651162794
3,Toronto Maple Leafs,74.46,Anaheim Ducks,25.54,1.3430029546065003,3.9154267815191854,1.2758528068761752,4.1111981205951444
