,Home,Home Win Percent,Away,Away Win Percent,Home Odds,Away Odds,Adj Home Odds,Adj Away Odds
0,Columbus Blue Jackets,69.72,Detroit Red Wings,30.28,1.4343086632243258,3.3025099075297226,1.3625932300631094,3.467635402906209
1,Dallas Stars,36.5,Minnesota Wild,63.5,2.73972602739726,1.574803149606299,2.602739726027397,1.6535433070866141
2,New York Rangers,56.96,Buffalo Sabres,43.04,1.75561797752809,2.323420074349442,1.6678370786516854,2.4395910780669143
3,Toronto Maple Leafs,74.54,Anaheim Ducks,25.46,1.3415615776764152,3.9277297721916735,1.2744834987925944,4.124116260801257
