,Home,Home Win Percent,Away,Away Win Percent,Home Odds,Away Odds,Adj Home Odds,Adj Away Odds
0,Columbus Blue Jackets,69.86,Detroit Red Wings,30.14,1.43143429716576,3.3178500331785004,1.359862582307472,3.4837425348374254
1,Dallas Stars,36.77,Minnesota Wild,63.23,2.7196083763937993,1.5815277558121146,2.5836279575741092,1.6606041436027204
2,New York Rangers,57.28,Buffalo Sabres,42.72,1.7458100558659218,2.340823970037453,1.6585195530726256,2.4578651685393256
3,Toronto Maple Leafs,74.37,Anaheim Ducks,25.63,1.3446282102998521,3.901677721420211,1.2773967997848594,4.096761607491222
