,Home,Home Win Percent,Away,Away Win Percent,Home Odds,Away Odds,Adj Home Odds,Adj Away Odds
0,Boston Bruins,51.126,Montreal Canadiens,48.874,1.955951961819818,2.0460776691083193,1.858154363728827,2.1483815525637353
1,Los Angeles Kings,36.695,Calgary Flames,63.305,2.725166916473634,1.5796540557617882,2.588908570649952,1.6586367585498776
2,Vancouver Canucks,53.552,Chicago Blackhawks,46.448,1.8673438900507917,2.152945229073372,1.773976695548252,2.2605924905270407
