,Home,Home Win Percent,Away,Away Win Percent,Home Odds,Away Odds,Adj Home Odds,Adj Away Odds
0,Buffalo Sabres,38.627,Toronto Maple Leafs,61.373,2.58886271261035,1.6293809981587994,2.4594195769798324,1.7108500480667395
1,Carolina Hurricanes,58.601,Edmonton Oilers,41.399,1.7064555212368389,2.4155172830261598,1.6211327451749968,2.5362931471774677
2,New Jersey Devils,35.551,Columbus Blue Jackets,64.449,2.8128603977384596,1.5516144548402613,2.6722173778515366,1.6291951775822744
3,Nashville Predators,45.859,St. Louis Blues,54.141,2.1805970474715974,1.847029053767016,2.0715671950980177,1.9393805064553669
4,New York Rangers,49.872,Boston Bruins,50.128,2.005133140840552,1.9948930737312478,1.9048764837985241,2.09463772741781
5,Ottawa Senators,38.016,Dallas Stars,61.984,2.6304713804713806,1.6133195663397004,2.4989478114478114,1.6939855446566856
6,Pittsburgh Penguins,75.946,Detroit Red Wings,24.054,1.3167250414768388,4.157312713062277,1.2508887894029967,4.365178348715391
7,Vancouver Canucks,60.847,Anaheim Ducks,39.153,1.6434663993294656,2.554082701197865,1.5612930793629922,2.6817868362577584
8,Winnipeg Jets,48.865,Chicago Blackhawks,51.135,2.0464545175483475,1.955607705094358,1.94413179167093,2.053388090349076
