,Home,Home Win Percent,Away,Away Win Percent,Home Odds,Away Odds,Adj Home Odds,Adj Away Odds
0,Carolina Hurricanes,58.486,New Jersey Devils,41.514,1.7098108949150226,2.4088259382377024,1.6243203501692713,2.5292672351495877
1,Columbus Blue Jackets,56.171,New York Rangers,43.829,1.7802780794360078,2.281594378151452,1.6912641754642073,2.395674097059025
2,Pittsburgh Penguins,52.059,Montreal Canadiens,47.941,1.920897443285503,2.085897248701529,1.8248525711212278,2.1901921111366054
3,Winnipeg Jets,56.635,San Jose Sharks,43.365,1.7656925929195726,2.3060071486221605,1.6774079632735939,2.4213075060532687
