,Home,Home Win Percent,Away,Away Win Percent,Home Odds,Away Odds,Adj Home Odds,Adj Away Odds
0,Buffalo Sabres,54.414,Anaheim Ducks,45.586,1.8377623405741168,2.193655947001272,1.7458742235454108,2.303338744351336
1,Detroit Red Wings,21.617,Boston Bruins,78.383,4.625988805107092,1.2757868415345164,4.394689364851737,1.3395761836112423
2,Minnesota Wild,41.864,Colorado Avalanche,58.136,2.388687177527231,1.7201045823586074,2.2692528186508696,1.806109811476538
3,New York Rangers,61.585,Los Angeles Kings,38.415,1.6237720224080539,2.603149811271639,1.542583421287651,2.733307301835221
4,Winnipeg Jets,51.229,Chicago Blackhawks,48.771,1.952019364032091,2.050398802567099,1.8544183958304865,2.152918742695454
