,Home,Home Win Percent,Away,Away Win Percent,Home Odds,Away Odds,Adj Home Odds,Adj Away Odds
0,Buffalo Sabres,54.432,Anaheim Ducks,45.568,1.8371546149323925,2.1945224719101124,1.7452968841857728,2.304248595505618
1,Detroit Red Wings,21.708,Boston Bruins,78.292,4.606596646397642,1.2772697082715985,4.376266814077759,1.3411331936851785
2,Minnesota Wild,41.763,Colorado Avalanche,58.237,2.3944639992337717,1.7171214176554424,2.274740799272083,1.8029774885382146
3,New York Rangers,61.95,Los Angeles Kings,38.05,1.6142050040355125,2.628120893561104,1.5334947538337367,2.759526938239159
4,Winnipeg Jets,51.099,Chicago Blackhawks,48.901,1.9569854595980354,2.044947956074518,1.8591361866181335,2.147195353878244
